assessment cdm type,Type,map category,csv key,Korean_Context,English_Context,semantic_allowed,Format/Range,0,1,2,3,4,5,6,7,8,9,10,11
Basic,B,general,Hospital_ID,병원 개인식별번호 8자리 '등록 번호' '병록 번호',Hospi. No.' 'ID',0,12345678,,,,,,,,,,,,
Basic,B,general,Name,"성명, 이름",Name,1,홍길동,,,,,,,,,,,,
Basic,B,general,PSG_Date,"PSG 실시일, '검사일'",Date' 'Study date',1,YYYYMMDD,,,,,,,,,,,,
Basic,B,general,PSG_No,PSG 고유번호,Test No.' 'Sleep Study Number' 'PSG#',1,P(year)-(nnn),,,,,,,,,,,,
Basic,B,general,PSG_Type,PSG 실시 종류,,1,"P, PE, C, SP, M",,P (PSG),PE (PSG+routine EEG),C (CPAP),SP (Split night),M (MSLT),,,,,,
Basic,B,general,Database_ID,Database 고유번호 : (Lab_ID)_(PSG_Date)_(PSG_No)_(PSG_Type),,1,001_YYYYMMDD_001_P,,,,,,,,,,,,
Demographics,B,general,SEX,성별,Sex',1,0-1,0. Male,1. Female,,,,,,,,,,
Demographics,B,general,AGE,"연령, 나이",Age',1,10-100 (warning),,,,,,,,,,,,
Demographics,B,general,Height_cm,"키, 신장 (cm)",Height' (cm),0,100-200 (warning),,,,,,,,,,,,
Demographics,B,general,Weight_kg,"몸무게, 체중 (Kg)",Weight' (Kg),0,20-150 (warning),,,,,,,,,,,,
Demographics,B,general,BMI,Body Mass Index (Kg/m2),Body Mass Index (Kg/m2),0,1-100,,,,,,,,,,,,
Demographics,B,general,Neckcir_cm,목둘레 (cm),Neck Circumference' (cm),0,1-100,,,,,,,,,,,,
Demographics,B,general,Occupation,직업 : 서술식,Occupation',1,Text 서술식,,,,,,,,,,,,
Demographics,B,general,Shiftwork,교대 근무를 합니까?,Are you a shift worker?',1,0-1,No,Yes,,,,,,,,,,
CoreQ,B,basic_questionnaire,PHx_CVA,질환을 앓고 있거나 과거에 앓은 적이 있습니까' - 뇌졸중,Personal Medical History - 'Stroke',0,0-1,No,Yes,,,,,,,,,,
CoreQ,B,basic_questionnaire,PHx_Parkinson,질환을 앓고 있거나 과거에 앓은 적이 있습니까' - 파킨슨씨 병,Personal Medical History - 'Parkinson’s disease',0,0-1,No,Yes,,,,,,,,,,
CoreQ,B,basic_questionnaire,PHx_PNS,질환을 앓고 있거나 과거에 앓은 적이 있습니까' - 말초 신경질환,Personal Medical History - 'Peripheral neuropathy' / 'Peripheral nerve disease',0,0-1,No,Yes,,,,,,,,,,
CoreQ,B,basic_questionnaire,PHx_Epilepsy,질환을 앓고 있거나 과거에 앓은 적이 있습니까' - 경련성 질환,Personal Medical History - 'Seizures/Epilespy',0,0-1,No,Yes,,,,,,,,,,
CoreQ,B,basic_questionnaire,PHx_Dementia,질환을 앓고 있거나 과거에 앓은 적이 있습니까' - 치매/노망,Personal Medical History - 'Dementia',0,0-1,No,Yes,,,,,,,,,,
CoreQ,B,basic_questionnaire,PHx_Alcoholism,질환을 앓고 있거나 과거에 앓은 적이 있습니까' - 알코올 중독증,Personal Medical History - 'Alcoholism' / 'Alcohol use disorder',0,0-1,No,Yes,,,,,,,,,,
CoreQ,B,basic_questionnaire,PHx_Cancer,질환을 앓고 있거나 과거에 앓은 적이 있습니까' - 암,Personal Medical History - 'Cancer',0,0-1,No,Yes,,,,,,,,,,
CoreQ,B,basic_questionnaire,PHx_Renal,질환을 앓고 있거나 과거에 앓은 적이 있습니까' - 신부전 (신장질환),Personal Medical History - 'Renal failure (Kidney disease)',0,0-1,No,Yes,,,,,,,,,,
CoreQ,B,basic_questionnaire,PHx_Pulmonary,질환을 앓고 있거나 과거에 앓은 적이 있습니까' - 만성 폐질환,Personal Medical History - 'Chronic lung disease',0,0-1,No,Yes,,,,,,,,,,
CoreQ,B,basic_questionnaire,PHx_HTN,질환을 앓고 있거나 과거에 앓은 적이 있습니까' - 고혈압,Personal Medical History - 'High blood pressure',0,0-1,No,Yes,,,,,,,,,,
CoreQ,B,basic_questionnaire,PHx_Thyroid,질환을 앓고 있거나 과거에 앓은 적이 있습니까' - 갑상선질환,Personal Medical History - 'Thyroid disease',0,0-1,No,Yes,,,,,,,,,,
CoreQ,B,basic_questionnaire,PHx_Liver,질환을 앓고 있거나 과거에 앓은 적이 있습니까' - 간염,Personal Medical History - 'Hepatitis',0,0-1,No,Yes,,,,,,,,,,
CoreQ,B,basic_questionnaire,PHx_DM,질환을 앓고 있거나 과거에 앓은 적이 있습니까' - 당뇨,Personal Medical History - 'Diabetes',0,0-1,No,Yes,,,,,,,,,,
CoreQ,B,basic_questionnaire,PHx_Cardiovascular,질환을 앓고 있거나 과거에 앓은 적이 있습니까' - 심장질환,Personal Medical History - 'Heart Disease',0,0-1,No,Yes,,,,,,,,,,
CoreQ,B,basic_questionnaire,PHx_NasalFx,질환을 앓고 있거나 과거에 앓은 적이 있습니까' - 코뼈가 부러진 적,Personal Medical History - 'History of nasal bone fracture' / 'Broken nose',0,0-1,No,Yes,,,,,,,,,,
CoreQ,B,basic_questionnaire,PHx_Sinusitis,질환을 앓고 있거나 과거에 앓은 적이 있습니까' - 축농증 or/and 알러지성비염,Personal Medical History - 'Sinusitis and/or allergic rhinitis',0,0-1,No,Yes,,,,,,,,,,
CoreQ,B,basic_questionnaire,PHx_GERD_ulcer,질환을 앓고 있거나 과거에 앓은 적이 있습니까' - 위궤양 or/and 위식도역류,Personal Medical History - 'Gastric ulcer and/or gastroesophageal reflux disease,0,0-1,No,Yes,,,,,,,,,,
CoreQ,B,basic_questionnaire,PHx_Psy,질환을 앓고 있거나 과거에 앓은 적이 있습니까' - 정신과적 질환/ 우울증 / 불안증 / 공황장애,Personal Medical History - 'Psychiatric disorder / Depression / Anxiety / Panic disorder',0,0-1,No,Yes,,,,,,,,,,
Demographics,B,basic_questionnaire,Habit_Caffein,카페인 섭취에 관한 질문,caffeine intake',1,0-1,No/전혀 마시지 않는다,Yes/마신다,,,,,,,,,,
Demographics,B,basic_questionnaire,Habit_Alcohol,음주에 대한 질문,drinking alcohol',1,0-1,No/전혀 마시지 않는다,Yes/마신다,,,,,,,,,,
Demographics,B,basic_questionnaire,Habit_Smoking,흡연에 대한 질문,smoking',1,0-2,No/전혀 피우지 않는다,Past smoker/금연했다면,Current smoker/피운다,,,,,,,,,
Demographics,B,basic_questionnaire,Habit_Workout,운동에 대한 질문,exercise',1,0-1,No/운동하지 않는다,Yes/운동한다,,,,,,,,,,
PSG,B,psg,Diagnosis_etc,"Polysomnography Report - II. Diagnosis 의 #으로 시작하는 모든 문장들 (I. Result, III. 사이)",,1,Text 서술식,,,,,,,,,,,,
CoreQ,A,psqi,PSQI_01_BedIn_HH_week,"PSQI - (주중/주말 묻는 버전) 지난 한 달 동안 , 몇 시에 잠자리에 들었습니까? 주중 (시간)",,0,00-24,,,,,,,,,,,,
CoreQ,A,psqi,PSQI_01_BedIn_MM_week,"PSQI - (주중/주말 묻는 버전) 지난 한 달 동안 , 몇 시에 잠자리에 들었습니까? 주중 (분)",,0,00-59,,,,,,,,,,,,
CoreQ,A,psqi,PSQI_01_BedIn_HH_free,"PSQI - (주중/주말 묻는 버전) 지난 한 달 동안 , 몇 시에 잠자리에 들었습니까? 주말 (시간)",,0,00-24,,,,,,,,,,,,
CoreQ,A,psqi,PSQI_01_BedIn_MM_free,"PSQI - (주중/주말 묻는 버전) 지난 한 달 동안 , 몇 시에 잠자리에 들었습니까? 주말 (분)",,0,00-59,,,,,,,,,,,,
CoreQ,A,psqi,PSQI_01_BedIn_HH,"PSQI - (주중/주말 묻지 않는 버전) 지난 한 달 동안 , 몇 시에 잠자리에 들었습니까? 오전/오후 (시간)","During the past month, when have you usually gone to bed at night?' (Hour)",0,00-24,,,,,,,,,,,,
CoreQ,A,psqi,PSQI_01_BedIn_MM,"PSQI - (주중/주말 묻지 않는 버전) 지난 한 달 동안 , 몇 시에 잠자리에 들었습니까? 오전/오후 (분)","During the past month, when have you usually gone to bed at night?' (Minute)",0,00-59,,,,,,,,,,,,
CoreQ,A,psqi,PSQI_02_Latency_HH_week,"PSQI - (주중/주말 묻는 버전) 지난 한 달 동안, 밤마다 잠드는데 얼마나 오래 걸렸습니까? 주중 (시간)",,0,00-24,,,,,,,,,,,,
CoreQ,A,psqi,PSQI_02_Latency_MM_week,"PSQI - (주중/주말 묻는 버전) 지난 한 달 동안, 밤마다 잠드는데 얼마나 오래 걸렸습니까? 주중 (분)",,0,00-59,,,,,,,,,,,,
CoreQ,A,psqi,PSQI_02_Latency_HH_free,"PSQI - (주중/주말 묻는 버전) 지난 한 달 동안, 밤마다 잠드는데 얼마나 오래 걸렸습니까? 주말 (시간)",,0,00-24,,,,,,,,,,,,
CoreQ,A,psqi,PSQI_02_Latency_MM_free,"PSQI - (주중/주말 묻는 버전) 지난 한 달 동안, 밤마다 잠드는데 얼마나 오래 걸렸습니까? 주말 (분)",,0,00-59,,,,,,,,,,,,
CoreQ,A,psqi,PSQI_02_Latency_HH,"PSQI - (주중/주말 묻지 않는 버전) 지난 한 달 동안, 밤마다 잠드는데 얼마나 오래 걸렸습니까? (시간)","During the past month, how long (in minutes) has it usually take you to fall asleep each night?' (Hour)",0,00-24,,,,,,,,,,,,
CoreQ,A,psqi,PSQI_02_Latency_MM,"PSQI - (주중/주말 묻지 않는 버전) 지난 한 달 동안, 밤마다 잠드는데 얼마나 오래 걸렸습니까? (분)","During the past month, how long (in minutes) has it usually take you to fall asleep each night?' (Minute)",0,00-59,,,,,,,,,,,,
CoreQ,A,psqi,PSQI_03_BedOut_HH_week,"PSQI - (주중/주말 묻는 버전) 지난 한 달 동안, 아침에 몇 시에 일어났습니까? 주중 (시간)",,0,00-24,,,,,,,,,,,,
CoreQ,A,psqi,PSQI_03_BedOut_MM_week,"PSQI - (주중/주말 묻는 버전) 지난 한 달 동안, 아침에 몇 시에 일어났습니까? 주중 (분)",,0,00-59,,,,,,,,,,,,
CoreQ,A,psqi,PSQI_03_BedOut_HH_free,"PSQI - (주중/주말 묻는 버전) 지난 한 달 동안, 아침에 몇 시에 일어났습니까? 주말 (시간)",,0,00-24,,,,,,,,,,,,
CoreQ,A,psqi,PSQI_03_BedOut_MM_free,"PSQI - (주중/주말 묻는 버전) 지난 한 달 동안, 아침에 몇 시에 일어났습니까? 주말 (분)",,0,00-59,,,,,,,,,,,,
CoreQ,A,psqi,PSQI_03_BedOut_HH,"PSQI - (주중/주말 묻지 않는 버전) 지난 한 달 동안, 아침에 몇 시에 일어났습니까? (시간)","During the past month, when have you usually gotten up in the morning?' (Hour)",0,00-24,,,,,,,,,,,,
CoreQ,A,psqi,PSQI_03_BedOut_MM,"PSQI - (주중/주말 묻지 않는 버전) 지난 한 달 동안, 아침에 몇 시에 일어났습니까? (분)","During the past month, when have you usually gotten up in the morning?' (Minute)",0,00-59,,,,,,,,,,,,
CoreQ,A,psqi,PSQI_04_SD_HH_week,"PSQI - (주중/주말 묻는 버전) 지난 한 달 동안, 실제로 잠을 잔 시간은 하루에 평균 얼마나 됩니까? 주중 (시간)",,0,00-24,,,,,,,,,,,,
CoreQ,A,psqi,PSQI_04_SD_MM_week,"PSQI - (주중/주말 묻는 버전) 지난 한 달 동안, 실제로 잠을 잔 시간은 하루에 평균 얼마나 됩니까? 주중 (분)",,0,00-59,,,,,,,,,,,,
CoreQ,A,psqi,PSQI_04_SD_HH_free,"PSQI - (주중/주말 묻는 버전) 지난 한 달 동안, 실제로 잠을 잔 시간은 하루에 평균 얼마나 됩니까? 주말 (시간)",,0,00-24,,,,,,,,,,,,
CoreQ,A,psqi,PSQI_04_SD_MM_free,"PSQI - (주중/주말 묻는 버전) 지난 한 달 동안, 실제로 잠을 잔 시간은 하루에 평균 얼마나 됩니까? 주말 (분)",,0,00-59,,,,,,,,,,,,
CoreQ,A,psqi,PSQI_04_SD_HH,"PSQI - (주중/주말 묻지 않는 버전) 지난 한 달 동안, 실제로 잠을 잔 시간은 하루에 평균 얼마나 됩니까? (시간)","During the past month, how many hours of actual sleep did you get at night?' (Hour)",0,00-24,,,,,,,,,,,,
CoreQ,A,psqi,PSQI_04_SD_MM,"PSQI - (주중/주말 묻지 않는 버전) 지난 한 달 동안, 실제로 잠을 잔 시간은 하루에 평균 얼마나 됩니까? (분)","During the past month, how many hours of actual sleep did you get at night?' (Minute)",0,00-59,,,,,,,,,,,,
CoreQ,A,psqi,PSQI_05_a,PSQI - 30분 이내로 잠들 수 없었다.,cannot get to sleep within 30 minutes',0,0-3,Never,Rare ( < 1/week),Often (1-2/week),Frequent (≥ 3/week),,,,,,,,
CoreQ,A,psqi,PSQI_05_b,PSQI - 한밤중이나 새벽에 깼다.,wake up in the middle of the night or early morning',0,0-3,Never,Rare ( < 1/week),Often (1-2/week),Frequent (≥ 3/week),,,,,,,,
CoreQ,A,psqi,PSQI_05_c,PSQI - 화장실에 가려고 일어나야 했다.,have to get up to use the bathroom',0,0-3,Never,Rare ( < 1/week),Often (1-2/week),Frequent (≥ 3/week),,,,,,,,
CoreQ,A,psqi,PSQI_05_d,PSQI - 편안하게 숨 쉴 수 없었다.,cannot breathe comfortably',0,0-3,Never,Rare ( < 1/week),Often (1-2/week),Frequent (≥ 3/week),,,,,,,,
CoreQ,A,psqi,PSQI_05_e,PSQI - 기침을 하거나 시끄럽게 코를 골았다.,cough or snore loudly',0,0-3,Never,Rare ( < 1/week),Often (1-2/week),Frequent (≥ 3/week),,,,,,,,
CoreQ,A,psqi,PSQI_05_f,PSQI - 너무 춥다고 느꼈다.,feel too cold',0,0-3,Never,Rare ( < 1/week),Often (1-2/week),Frequent (≥ 3/week),,,,,,,,
CoreQ,A,psqi,PSQI_05_g,PSQI - 너무 덥다고 느꼈다.,feel too hot',0,0-3,Never,Rare ( < 1/week),Often (1-2/week),Frequent (≥ 3/week),,,,,,,,
CoreQ,A,psqi,PSQI_05_h,PSQI - 나쁜 꿈을 꾸었다.,had bad dreams',0,0-3,Never,Rare ( < 1/week),Often (1-2/week),Frequent (≥ 3/week),,,,,,,,
CoreQ,A,psqi,PSQI_05_i,PSQI - 통증이 있었다.,have pain',0,0-3,Never,Rare ( < 1/week),Often (1-2/week),Frequent (≥ 3/week),,,,,,,,
CoreQ,A,psqi,PSQI_05_j,PSQI - 그 외에 다른 이유가 있다면 이 이유 때문에 얼마나 자주 잠드는데 어려움이 있었습니까?,"Other reason(s), How often during the past month have you had trouble sleeping because of this?'",0,0-3,Never,Rare ( < 1/week),Often (1-2/week),Frequent (≥ 3/week),,,,,,,,
CoreQ,A,psqi,PSQI_05_j_text,PSQI - 그 외에 다른 이유가 있다면 아래에 적어주세요 (서술식),"Other reason(s), please describe'",0,Text 서술식,,,,,,,,,,,,
CoreQ,A,psqi,PSQI_06,"PSQI - 지난 한 달 동안, 당신의 전반적인 수면의 질은 어느 정도라고 평가합니까?","During the past month, how would you rate your sleep quality overall?'",0,0-3,Very Good,Good,Poor,Very Poor,,,,,,,,
CoreQ,A,psqi,PSQI_07,"PSQI - 지난 한 달 동안, 잠들기 위해 얼마나 자주 약을 복용했습니까?","During the past month, how often have you taken medicine (prescribed or ""over the counter"") to help you sleep?'",0,0-3,Never,Rare ( < 1/week),Often (1-2/week),Frequent (≥ 3/week),,,,,,,,
CoreQ,A,psqi,PSQI_08,"PSQI - 지난 한 달 동안, 운전하거나, 식사 때 또는 사회활동을 하는 동안 얼마나 자주 졸음을 느꼈습니까?","During the past month, how often have you had trouble staying awake while driving, eating meals, or engaging in social activity?'",0,0-3,Never,Rare ( < 1/week),Often (1-2/week),Frequent (≥ 3/week),,,,,,,,
CoreQ,A,psqi,PSQI_09,"PSQI - 지난 한 달 동안, 하는 일에 열중하는데 얼마나 많은 어려움이 있었습니까?","During the past month, how much of a problem has it been for you to keep up enough enthusiasm to get things done?'",0,0-3,Never,Rare ( < 1/week),Often (1-2/week),Frequent (≥ 3/week),,,,,,,,
CoreQ,A,psqi,PSQI_10,PSQI - 다른 사람과 같은 자리에서 자거나 집을 같이 쓰는 사람이 있습니까?,Do you have a bed partner or room mate?',0,0-3,No,House Share,Room Share,Yes,,,,,,,,
CoreQ,A,psqi,PSQI_10_a,PSQI - 그 사람에게 ... 얼마나 자주했는지 물어보십시오. 심한 코골기,ask him/her how often in the past month you have had loud snoring',0,0-3,Never,Rare ( < 1/week),Often (1-2/week),Frequent (≥ 3/week),,,,,,,,
CoreQ,A,psqi,PSQI_10_b,PSQI - 그 사람에게 ... 얼마나 자주했는지 물어보십시오. 잠 잘 때 숨을 한동안 멈추고 다시 숨쉬기,ask him/her how often in the past month you have had long pauses between breaths while asleep',0,0-3,Never,Rare ( < 1/week),Often (1-2/week),Frequent (≥ 3/week),,,,,,,,
CoreQ,A,psqi,PSQI_10_c,PSQI - 그 사람에게 ... 얼마나 자주했는지 물어보십시오. 잠 잘 때 다리를 갑자기 떨거나 흔들기,ask him/her how often in the past month you have had legs twitching or jerking while you sleep',0,0-3,Never,Rare ( < 1/week),Often (1-2/week),Frequent (≥ 3/week),,,,,,,,
CoreQ,A,psqi,PSQI_10_d,"PSQI - 그 사람에게 ... 얼마나 자주했는지 물어보십시오. 잠자다가 잠시 시간, 장소, 상황을 인식하지 못하거나 혼란스러워함",ask him/her how often in the past month you have had episodes of disorientation or confusion during sleep',0,0-3,Never,Rare ( < 1/week),Often (1-2/week),Frequent (≥ 3/week),,,,,,,,
CoreQ,A,psqi,PSQI_10_e,PSQI - 그 사람에게 ... 얼마나 자주했는지 물어보십시오. 다른 뒤척거리는 행동,ask him/her how often in the past month you have had Other restlessness while you sleep',0,0-3,Never,Rare ( < 1/week),Often (1-2/week),Frequent (≥ 3/week),,,,,,,,
CoreQ,A,psqi,PSQI_10_e_text,PSQI - 잠자는 동안 다른 뒤척거리는 행동 (서술식),Other restlessness while you sleep; please desribe',0,Text 서술식,,,,,,,,,,,,
SubQ,B,basic_questionnaire,SQ_Satisfaction,밤에 수면시간이 충분하다고 느끼십니까?,,1,0-1,No,Yes,,,,,,,,,,
SubQ,B,basic_questionnaire,SQ_Wakefreq,밤에 몇 번 깨십니까?,,1,0-300,,,,,,,,,,,,
SubQ,B,basic_questionnaire,Nap_Freq,일주일에 몇 일이나 5분 이상의 낮잠을 잡니까?,,1,0-300,,,,,,,,,,,,
SubQ,B,basic_questionnaire,Nap_HH_week,평균 낮잠 시간은? 평일 (시간),,1,00-24,,,,,,,,,,,,
SubQ,B,basic_questionnaire,Nap_MM_week,평균 낮잠 시간은? 평일 (분),,1,00-59,,,,,,,,,,,,
SubQ,B,basic_questionnaire,Nap_HH_free,평균 낮잠 시간은? 주말 (시간),,1,00-24,,,,,,,,,,,,
SubQ,B,basic_questionnaire,Nap_MM_free,평균 낮잠 시간은? 주말 (분),,1,00-59,,,,,,,,,,,,
SubQ,B,basic_questionnaire,Nap_Satisfaction,낮잠을 자고 나면 상쾌합니까?,,1,0-1,No,Yes,,,,,,,,,,
SubQ,B,basic_questionnaire,N_Sleepattack,"잠이 들면 안 되는 상황에서 깨려고 노력하였으나, 나도 모르게 잠에 빠져 든 적이 있습니까?",,1,0-1,No,Yes,,,,,,,,,,
SubQ,B,basic_questionnaire,N_Cataplexy,재미있는 이야기를 듣고 웃거나 화가 나는 경우와 같이 감정의 변화가 있을 때 몸이 실제로 힘이 빠져 물건을 놓치거나 무릎이 꺾이거나 넘어지거나 잠깐 동안 턱을 못 움직여 말을 못하거나 하신 적이 있습니까?,,1,0-1,No,Yes,,,,,,,,,,
SubQ,B,basic_questionnaire,N_Hallucination,잠들 무렵 또는 깰 무렵 환각이나 꿈 같은 이미지를 본 적이 있습니까?,,1,0-1,No,Yes,,,,,,,,,,
SubQ,B,basic_questionnaire,N_Paralysis,자다가 온몸이 마비되는 듯한 느낌 (가위 눌림)을 받은 적이 있습니까?,,1,0-1,No,Yes,,,,,,,,,,
SubQ,A,sss,SSS,Stanford Sleepiness Scale... 당신의 현재 느낌과 가장 가까운 번호 한가지에만 체크/동그라미를 하십시오.,Stanford sleepiness scale. ...Check the number which best describes the way you are feeling now.,0,1-7,-,Strongly Disagree,Disagree,Somewhat Disagree,Neutral,Somewhat Agree,Agree,Strongly Agree,,,,
CoreQ,A,ess,ESS_01_book,ESS - 어느 정도나 졸음을 느끼십니까? 앉아서 책을 읽을 때,chance of dozing when sitting and reading',0,0-3,Never,Rare,Often,Frequent,,,,,,,,
CoreQ,A,ess,ESS_02_tv,ESS - 어느 정도나 졸음을 느끼십니까? 텔레비전을 볼 때,chance of dozing when Watching TV',0,0-3,Never,Rare,Often,Frequent,,,,,,,,
CoreQ,A,ess,ESS_03_sitting,ESS - 어느 정도나 졸음을 느끼십니까? 극장이나 회의석상과 같은 공공장소에서 가만히 앉아 있을 때,"chance of dozing when Sitting, inactive in a public place (e.g. a theatre or meeting)'",0,0-3,Never,Rare,Often,Frequent,,,,,,,,
CoreQ,A,ess,ESS_04_transport,ESS - 어느 정도나 졸음을 느끼십니까? 1시간 정도 계속 버스나 택시를 타고 있을 때,chance of dozing when As a passenger in a car for an hour without a break',0,0-3,Never,Rare,Often,Frequent,,,,,,,,
CoreQ,A,ess,ESS_05_rest,ESS - 어느 정도나 졸음을 느끼십니까? 오후 휴식시간에 편안히 누워 있을 때,chance of dozing when Lying down to rest in the afternoon when circumstances permit',0,0-3,Never,Rare,Often,Frequent,,,,,,,,
CoreQ,A,ess,ESS_06_talk,ESS - 어느 정도나 졸음을 느끼십니까? 앉아서 누군가에게 말을 하고 있을 때,chance of dozing when Sitting and talking to someone',0,0-3,Never,Rare,Often,Frequent,,,,,,,,
CoreQ,A,ess,ESS_07_meal,ESS - 어느 정도나 졸음을 느끼십니까? 점심식사 후 조용히 앉아 있을 때,chance of dozing when Sitting quietly after a lunch without alcohol',0,0-3,Never,Rare,Often,Frequent,,,,,,,,
CoreQ,A,ess,ESS_08_driving,ESS - 어느 정도나 졸음을 느끼십니까? 차를 운전하고 가다가 교통체증으로 몇 분간 멈추어 서 있을 때,"chance of dozing when In a car, while stopped for a few minutes in the traffic'",0,0-3,Never,Rare,Often,Frequent,,,,,,,,
SubQ,A,fss,FSS_01,FSS - 내가 피로해지면 나는 의욕이 낮아진다.,,0,1-7,-,Strongly Disagree,Disagree,Somewhat Disagree,Neutral,Somewhat Agree,Agree,Strongly Agree,,,,
SubQ,A,fss,FSS_02,FSS - 운동을 하면 피로해진다.,,0,1-7,-,Strongly Disagree,Disagree,Somewhat Disagree,Neutral,Somewhat Agree,Agree,Strongly Agree,,,,
SubQ,A,fss,FSS_03,FSS - 나는 쉽게 피곤해진다.,,0,1-7,-,Strongly Disagree,Disagree,Somewhat Disagree,Neutral,Somewhat Agree,Agree,Strongly Agree,,,,
SubQ,A,fss,FSS_04,FSS - 피로로 인해 신체적 활동이 방해를 받는다.,,0,1-7,-,Strongly Disagree,Disagree,Somewhat Disagree,Neutral,Somewhat Agree,Agree,Strongly Agree,,,,
SubQ,A,fss,FSS_05,FSS - 피로로 인해 빈번하게 문제가 발생한다.,,0,1-7,-,Strongly Disagree,Disagree,Somewhat Disagree,Neutral,Somewhat Agree,Agree,Strongly Agree,,,,
SubQ,A,fss,FSS_06,FSS - 피로로 인해 신체적 활동을 지속할 수 없다.,,0,1-7,-,Strongly Disagree,Disagree,Somewhat Disagree,Neutral,Somewhat Agree,Agree,Strongly Agree,,,,
SubQ,A,fss,FSS_07,FSS - 피로하면 의무와 책임을 다하지 못하게 된다.,,0,1-7,-,Strongly Disagree,Disagree,Somewhat Disagree,Neutral,Somewhat Agree,Agree,Strongly Agree,,,,
SubQ,A,fss,FSS_08,FSS - 피로는 나에게 가장 지장을 초래하는 세가지 증상 중의 하나이다.,,0,1-7,-,Strongly Disagree,Disagree,Somewhat Disagree,Neutral,Somewhat Agree,Agree,Strongly Agree,,,,
SubQ,A,fss,FSS_09,"FSS - 피로로 인해 일, 가족 혹은 사회생활이 방해를 받는다.",,0,1-7,-,Strongly Disagree,Disagree,Somewhat Disagree,Neutral,Somewhat Agree,Agree,Strongly Agree,,,,
CoreQ,A,berlin,BQ_01,Berlin - 최근에 몸무게가 변하였습니까?',,0,1-3,-,Increase,Decrease,Same,,,,,,,,
CoreQ,A,berlin,BQ_02,Berlin - 코를 곱니까?',Berlin - Do you snore?',0,1-3,-,Yes,No,N/C,,,,,,,,
CoreQ,A,berlin,BQ_03,Berlin - 코골이가 얼마나 심합니까?,Berlin - Your snoring is:',0,1-4,-,Low,Moderate,Loud,Very Loud,,,,,,,
CoreQ,A,berlin,BQ_04,Berlin - 얼마나 자주 코를 곱니까?,Berlin - How often do you snore',0,1-5,-,1. Nearly every day,2. 3-4 times a week,3. 1-2 times a week,4. 1-2 times a month,5. never or nearly never,,,,,,
CoreQ,A,berlin,BQ_05,Berlin - 당신의 코골이가 다른 사람을 괴롭게 합니까?,Berlin - Has your snoring ever bothered other people?',0,1-2,-,Yes,No,,,,,,,,,
CoreQ,A,berlin,BQ_06,Berlin - 수면 중 숨을 멈추는 것이 얼마나 자주 다른 사람에게 목격됩니까?,Berlin - Has anyone noticed that you quit breathing during your sleep?',0,1-5,-,1. Nearly every day,2. 3-4 times a week,3. 1-2 times a week,4. 1-2 times a month,5. never or nearly never,,,,,,
CoreQ,A,berlin,BQ_07,Berlin - 아침에 잠에서 깨면 피로합니까?,Berlin - How often do you feel tired or fatigued after your sleep?',0,1-5,-,1. Nearly every day,2. 3-4 times a week,3. 1-2 times a week,4. 1-2 times a month,5. never or nearly never,,,,,,
CoreQ,A,berlin,BQ_08,Berlin - 낮에 깨어있을 때 피로합니까?,"Berlin - During your waking time, do you feel tired, or not up to par?'",0,1-5,-,1. Nearly every day,2. 3-4 times a week,3. 1-2 times a week,4. 1-2 times a month,5. never or nearly never,,,,,,
CoreQ,A,berlin,BQ_09,Berlin - 시내에서 차를 운전할 때 졸음에 빠진 적이 있습니까?,Berlin - Have you ever nodded off or fallen asleep while driving a vehicle?',0,1-2,-,Yes,No,,,,,,,,,
CoreQ,A,berlin,BQ_10,Berlin - 고혈압이 있습니까?,Berlin - Do you have high blood pressure?',0,1-2,-,Yes,No,,,,,,,,,
CoreQ,A,isi,ISI_01_a,불면증 자가진단 질문지 - 잠들기 어렵다.,,0,0-4,Not at all,Mild,Moderate,Severe,Very severe,,,,,,,
CoreQ,A,isi,ISI_01_b,불면증 자가진단 질문지 - 잠을 유지하기 어렵다.,,0,0-4,Not at all,Mild,Moderate,Severe,Very severe,,,,,,,
CoreQ,A,isi,ISI_01_c,불면증 자가진단 질문지 - 쉽게 깬다.,,0,0-4,Not at all,Mild,Moderate,Severe,Very severe,,,,,,,
CoreQ,A,isi,ISI_02,불면증 자가진단 질문지 - 현재 수면 양상에 관하여 얼마나 만족하고 있습니까?,,0,0-4,Very satisfied,Satisfied,Moderate,Dissatisfied,Very dissatisfied,,,,,,,
CoreQ,A,isi,ISI_03,불면증 자가진단 질문지 - 수면장애가 당신의 낮 활동을 어느 정도 방해한다고 생각합니까?,,0,0-4,Not at all,A little,Somewhat,Much,Very much,,,,,,,
CoreQ,A,isi,ISI_04,불면증 자가진단 질문지 - 불면증으로 인해 당신에게 ... 당신의 주변 사람들은 어떻게 생각합니까?,,0,0-4,Not at all,A little,Somewhat,Much,Very much,,,,,,,
CoreQ,A,isi,ISI_05,불면증 자가진단 질문지 - 당신은 현재 불면증에 관하여 얼마나 걱정하고 있습니까?,,0,0-4,Not at all,A little,Somewhat,Much,Very much,,,,,,,
SubQ,A,rls,RLS_01_urge,RLS - 다리에 불편하거나 좋지 않은 감각으로 인해 다리를 자꾸 움직이고 싶습니까?',Do you have an urge to move the legs is usually accompanied or caused by uncomfortable and unpleasant sensations in the legs?',0,0-1,No,Yes,,,,,,,,,,
SubQ,A,rls,RLS_02_rest,"RLS - 다리를 움직이고 싶은 충동이나 좋지 않은 감각이 쉬거나, 앉아있거나, 누워있을 때처럼 주로 움직이지 않을 때 시작되거나 악화되나요?'",These feelings are usually worsen during periods of rest or inactivity such as lying or sitting?',0,0-1,No,Yes,,,,,,,,,,
SubQ,A,rls,RLS_03_move,RLS - 다리를 움직이고 싶은 충동이나 좋지 않은 감각은 걷거나 움직임에 따라 완화되나요?',These feelings are usually relieved by movement such as walking or stretching?',0,0-1,No,Yes,,,,,,,,,,
SubQ,A,rls,RLS_04_night,"RLS - 다리를 움직이고 싶은 충동이나 좋지 않은 감각이 낮보다 저녁이나 밤에 더 나빠지거나, 저녁이나 밤에 발생하나요?",,0,0-1,No,Yes,,,,,,,,,,
SubQ,A,rls,RLS_05_frequency,RLS - 얼마나 자주 발생하나요?,,0,0-6,Never,Less than once a year,Once a year or month,2-4 times a month,2-3 times a week,4-5 times a week,6-7 times a week,,,,,
SubQ,A,rls,RLS_06_family,RLS - 가족 중에 이런 증세를 가진 분이 계신가요?,,0,0-1,No,Yes,,,,,,,,,,
SubQ,A,rls,RLS_07_observed,RLS - 수면 중 발목을 움직인다거나 다리를 주기적으로 움직인다는 소리를 들어본 적이 있나요?,,0,0-1,No,Yes,,,,,,,,,,
SubQ,A,rls,IRLS_01,RLS - 다리나 팔에 하지불안증후군으로 인한 불편이 어느 정도인가요?,,0,0-4,Not at all,Mild,Moderate,Severe,Very severe,,,,,,,
SubQ,A,rls,IRLS_02,RLS - 하지불안증후군 증상 때문에 움직이고(돌아다니고) 싶은 정도는?,,0,0-4,Not at all,Mild,Moderate,Severe,Very severe,,,,,,,
SubQ,A,rls,IRLS_03,RLS - 움직이게 (돌아다니게) 되면 하지불안증후군 증상이 나아지나요?,,0,0-4,No RLS symptoms to be relieved,Either complete or almost complete relief,Moderate relief,Mild relief,No relief,,,,,,,
SubQ,A,rls,IRLS_04,RLS - 하지불안증후군 증상 때문에 수면장애가 얼마나 심한가요?,,0,0-4,Not at all,Mild,Moderate,Severe,Very severe,,,,,,,
SubQ,A,rls,IRLS_05,RLS - 하지불안증후군으로 인한 주간 피로감이나 졸림이 어느 정도인가요?,,0,0-4,Not at all,Mild,Moderate,Severe,Very severe,,,,,,,
SubQ,A,rls,IRLS_06,RLS - 전체적으로 볼 때 하지불안 증후군 증상의 심한 정도는?,,0,0-4,Not at all,Mild,Moderate,Severe,Very severe,,,,,,,
SubQ,A,rls,IRLS_07,RLS - 얼마나 자주 하지불안증후군 증상이 발생하나요?,,0,0-4,Never,Occasionally (1 day in 1 week),Sometimes (2 to 3 days in 1 week),Often (4 to 5 days in 1 week),Very often (6 to 7 days in 1 week),,,,,,,
SubQ,A,rls,IRLS_08,RLS - 하지불안증후군 증상이 있을 때 평균 하루 어느 정도의 증상이 있나요?,,0,0-4,Not at all,Mild (less than 1 hour per 24 hour),Moderate (1 to 3 hours per 24 hour),Severe (3 to 8 hours per 24 hour),Very severe (8 hours or more per 24 hour),,,,,,,
SubQ,A,rls,IRLS_09,RLS - 하지불안증후군 때문에 일상생활에 얼마나 지장을 주나요?,,0,0-4,Not at all,Mild,Moderate,Severe,Very severe,,,,,,,
SubQ,A,rls,IRLS_10,RLS - 하지불안증후군 증상으로 인한 기분장애가 얼마나 심한가요?,,0,0-4,Not at all,Mild,Moderate,Severe,Very severe,,,,,,,
SubQ,B,rbd,RBD_FreqDream,RBDSQ - 수면 중 이상행동 - 꿈을 많이 꾸십니까?,,0,0-1,No,Yes,,,,,,,,,,
SubQ,B,rbd,RBD_Observed,RBDSQ - 수면 중 이상행동 - 당신이 수면 중 소리를 지르거나 ... 고약한 잠버릇을 보인다고 들어본 적이 있습니까?,,0,0-1,No,Yes,,,,,,,,,,
SubQ,B,rbd,RBDSQ_01,RBDSQ - 나는 가끔 생생한 꿈을 꾼다,,0,0-1,No,Yes,,,,,,,,,,
SubQ,B,rbd,RBDSQ_02,RBDSQ - 공격적인 내용이나 액션 영화 같은 꿈을 자주 꾼다,,0,0-1,No,Yes,,,,,,,,,,
SubQ,B,rbd,RBDSQ_03,RBDSQ - 내가 밤에 자면서 하는 행동은 대부분 꿈꾼 내용과 일치한다.,,0,0-1,No,Yes,,,,,,,,,,
SubQ,B,rbd,RBDSQ_04,RBDSQ - 나는 잘 때 내가 팔이나 다리를 움직인다는 것을 알고 있다.,,0,0-1,No,Yes,,,,,,,,,,
SubQ,B,rbd,RBDSQ_05,RBDSQ - 팔이나 다리의 움직임 때문에 자다가 본인이나 옆에서 자는 사람이 다칠 뻔하거나 실제로 다친 일이 있다.,,0,0-1,No,Yes,,,,,,,,,,
SubQ,B,rbd,RBDSQ_06_01,"RBDSQ - 꿈꾸는 동안에... 크게 말하거나, 소리를 지르거나, 땀을 심하게 흘리거나, 크게 웃는다.",,0,0-1,No,Yes,,,,,,,,,,
SubQ,B,rbd,RBDSQ_06_02,RBDSQ - 꿈꾸는 동안에... 갑자기 싸우는 듯 팔이나 다리를 움직인다.,,0,0-1,No,Yes,,,,,,,,,,
SubQ,B,rbd,RBDSQ_06_03,RBDSQ - 꿈꾸는 동안에... 수면 중에는 필요치 않은 몸짓이나 움직임을 보인다.,,0,0-1,No,Yes,,,,,,,,,,
SubQ,B,rbd,RBDSQ_06_04,RBDSQ - 꿈꾸는 동안에... 침대 주변의 물건이 떨어진다.,,0,0-1,No,Yes,,,,,,,,,,
SubQ,B,rbd,RBDSQ_07,RBDSQ - 자다가 움직이는 바람에 스스로 깨기도 한다.,,0,0-1,No,Yes,,,,하지불안증후군,,,,,,
SubQ,B,rbd,RBDSQ_08,"RBDSQ - 자다가 깨면, 나는 대게 꿈의 내용을 잘 기억한다.",,0,0-1,No,Yes,,,,우울증 뇌전증,,,,,,
SubQ,B,rbd,RBDSQ_09,RBDSQ - 자다가 잘 깬다.,,0,0-1,No,Yes,,,,,,,,,,
SubQ,B,rbd,RBDSQ_10,RBDSQ - 신경계 질환이 있다,,0,0-1,No,Yes,,,,,,,,,,
SubQ,B,rbd,RBDSQ_10_Y,RBDSQ - 신경계 질환이 있다. (체크된 항목들),,0,1-8,-,Stroke,Head Trauma,Parkinsons,RLS,Narcolepsy,Depression,Epilepsy,CNS inflammation,,,
SubQ,A,phq,PHQ_01,PHQ - 기분이 가라않거나 우울하거나 희망이 없다고 느꼈다.,,0,0-3,Never,Rare,Often,Frequent,,,,,,,,
SubQ,A,phq,PHQ_02,PHQ - 평소 하던 일에 대한 흥미가 없어지거나 즐거움을 느끼지 못했다.,,0,0-3,Never,Rare,Often,Frequent,,,,,,,,
SubQ,A,phq,PHQ_03,PHQ - 잠들기가 어렵거나 자주 깼다 혹은 너무 많이 잤다.,,0,0-3,Never,Rare,Often,Frequent,,,,,,,,
SubQ,A,phq,PHQ_04,PHQ - 평소보다 식욕이 줄었다 혹은 평소보다 많이 먹었다.,,0,0-3,Never,Rare,Often,Frequent,,,,,,,,
SubQ,A,phq,PHQ_05,PHQ - 다른 사람들이 눈치 챌 정도로 평소보다 말과 행동이 느려졌다 혹은 안절부절 못해서 가만히 앉아있을 수 없었다.,,0,0-3,Never,Rare,Often,Frequent,,,,,,,,
SubQ,A,phq,PHQ_06,PHQ - 피곤하고 기운이 없었다.,,0,0-3,Never,Rare,Often,Frequent,,,,,,,,
SubQ,A,phq,PHQ_07,PHQ - 내가 잘못했거나 실패했다는 생각이 들었다 혹은 자신과 가족을 실망시켰다고 생각했다.,,0,0-3,Never,Rare,Often,Frequent,,,,,,,,
SubQ,A,phq,PHQ_08,PHQ - 신문을 일거나 .. 일상적인 일에도 집중할 수가 없었다.,,0,0-3,Never,Rare,Often,Frequent,,,,,,,,
SubQ,A,phq,PHQ_09,PHQ - 차라리 죽는 것이 더 낫겠다고 생각했다 혹은 자해할 생각을 했다.,,0,0-3,Never,Rare,Often,Frequent,,,,,,,,
SubQ,A,bdi,BDI_01,"Beck depression inventory - ""나는 슬픔을 느끼지 않는다.''로 시작",Beck depression inventory - starting as 0. I do not feel sad.,0,0-3,Never,Rare,Often,Frequent,,,,,,,,
SubQ,A,bdi,BDI_02,"Beck depression inventory - ''나는 앞 날에 대해서 특별히 낙담하지 않는다.""로 시작",Beck depression inventory - starting as 0. I am not particularly discouraged about the future.,0,0-3,Never,Discouraged,Nothing to look forward,Hopeless,,,,,,,,
SubQ,A,bdi,BDI_03,"Beck depression inventory - ''나는 실패감 같은 것을 느끼지 않는다.""로 시작",Beck depression inventory - starting as 0. I do not feel like a failure.,0,0-3,Never,Failed,A lot of failures,complete failure,,,,,,,,
SubQ,A,bdi,BDI_04,"Beck depression inventory - ''나는 전과 다름없이 일상생활에서 만족을 하고 있다.""로 시작",Beck depression inventory - starting as 0. I get as much satisfaction out of things as I use to.,0,0-3,Satisfaction,Uninteresting,Boring,Dissatisfaction,,,,,,,,
SubQ,A,bdi,BDI_05,"Beck depression inventory - ''나는 특별히 죄의식을 느끼지 않는다.""로 시작",Beck depression inventory - starting as 0. I don't feel particularly guilty.,0,0-3,Never,Guilty (part of the time),Guilty (most of the time),Guilty (all of the time),,,,,,,,
SubQ,A,bdi,BDI_06,"Beck depression inventory - ''나는 내가 벌을 받고 있다고 느끼지 않는다.""로 시작",Beck depression inventory - starting as 0. I don't feel I am being punished.,0,0-3,Never,I feel I may be punished,I expect to be punished,I feel I am being punished,,,,,,,,
SubQ,A,bdi,BDI_07,"Beck depression inventory - ''나는 나 자신에 대하여 실망하지 않는다.""로 시작",Beck depression inventory - starting as 0. I don't feel disappointed in myself.,0,0-3,Not disappointed,Disappointed,Disgusted,Hate,,,,,,,,
SubQ,A,bdi,BDI_08,"Beck depression inventory - ''나는 내가 다른 사람보다 못하다고 생각하지 않는다.""로 시작",Beck depression inventory - starting as 0. I do not feel I am any worse than anybody else.,0,0-3,Never,Critical,More critical,Severe critical,,,,,,,,
SubQ,A,bdi,BDI_09,"Beck depression inventory - ''나는 자살할 생각 같은 것은 하지 않는다.""로 시작",Beck depression inventory - starting as 0. I don't have any thoughts of killing myself.,0,0-3,Never,Rare,Often,Frequent,,,,,,,,
SubQ,A,bdi,BDI_10,Beck depression inventory - '나는 전보다 울지 않는다.'로 시작,Beck depression inventory - starting as 0. I don't cry any more than usual.,0,0-3,Never,Crying,More crying,Severe crying (I can't cry even though I want to),,,,,,,,
SubQ,A,bdi,BDI_11,Beck depression inventory - '나는 전보다 더 화를 내지 않는다.'로 시작,Beck depression inventory - starting as 0. I am no more irritated now than I ever am.,0,0-3,Never,Nervous,More nervous,Severe nervous,,,,,,,,
SubQ,A,bdi,BDI_12,Beck depression inventory - '나는 다른 사람에게 대한 흥미를 잃지 않는다.'로 시작,Beck depression inventory - starting as 0. I have not lost interest in other people.,0,0-3,Interested,Less interested,Much less interested,Uninterested,,,,,,,,
SubQ,A,bdi,BDI_13,Beck depression inventory - '나는 전과 같이 결정하는 일을 잘 해낸다.'로 시작,Beck depression inventory - starting as 0. I make decisions about as well as I ever could,0,0-3,Decisive,Indecisive,More indecisive,Severe indecisive,,,,,,,,
SubQ,A,bdi,BDI_14,Beck depression inventory - '나는 전보다 내 모습이 나빠졌다고 느끼지 않는다.'로 시작,Beck depression inventory - starting as 0. I don't feel I look any worse than I used to.,0,0-3,Never,Valueless,More valueless,Severe valueless,,,,,,,,
SubQ,A,bdi,BDI_15,Beck depression inventory - '나는 전과 다름없이 일을 잘할 수 있다.'로 시작,Beck depression inventory - starting as 0. I can work about as well as before,0,0-3,Never,Helpless,More helpless,Severe helpless,,,,,,,,
SubQ,A,bdi,BDI_16,Beck depression inventory - '나는 전과 다름없이 잠을 잘 잔다.'로 시작,Beck depression inventory - starting as 0. I can sleep as well as usual,0,0-3,Never,Slightly stretched,Slightly reduced,More stretched,More reduced,All day sleep,Hard to fall asleep,,,,,
SubQ,A,bdi,BDI_17,Beck depression inventory - '나는 전보다 더 피곤하지 않다.'로 시작,Beck depression inventory - starting as 0. I don't get more tired than usual,0,0-3,Never,Slightly stretched,More stretched,Always,,,,,,,,
SubQ,A,bdi,BDI_18,Beck depression inventory - '내 식욕은 전보다 나빠지지 않았다.'로 시작,Beck depression inventory - starting as 0. My appetite is no worse than usual,0,0-3,Never,Slightly reduced,Slightly stretched,More reduced,More stretched,No appetite,Severe appetite,,,,,
SubQ,A,bdi,BDI_19,Beck depression inventory - '요즈음 나는 몸무게가 줄지 않는다.'로 시작,"Beck depression inventory - starting as 0. I haven't lost much weight, if any, lately.",0,0-3,Never,Distracting,More distracting,Severe distracting,,,,,,,,
SubQ,A,bdi,BDI_20,Beck depression inventory - '나는 전보다 건강에 대해 더 염려하지 않는다.'로 시작,Beck depression inventory - starting as 0. I am no more worried about my health than usual.,0,0-3,Never,Fatigue,More fatigue,Severe fatigue,,,,,,,,
SubQ,A,bdi,BDI_21,Beck depression inventory - '나는 요즈음도 이성에 대한 관심에 변화가 없다고 생각한다.'로 시작,Beck depression inventory - starting as 0. I have not noticed any recent change in my interest in sex.,0,0-3,Never,Less interested,More less interested,Uninterested,,,,,,,,
SubQ,A,qol,QOL_01,QOL - 당신의 삶의 질을 어떻게 평가하겠습니까?,,0,1-5,-,Very poor,Poor,Neither poor nor good,Good,Very good,,,,,,
SubQ,A,qol,QOL_02,QOL - 당신의 건강상태에 대해 만족하고 있습니까?,,0,1-5,-,Very dissatisfied,Dissatisfied,Neither satisfied nor dissatisfied,Satisfied,Very satisfied,,,,,,
SubQ,A,qol,QOL_03,QOL - (신체적) 통증으로 인해 당신이 해야할 일들이 방해 받는다고 느낍니까?,,0,1-5,-,Not at all,A little,A moderate amount,Very much,An extreme amount,,,,,,
SubQ,A,qol,QOL_04,QOL - (신체적) 일상생활을 잘 하기 위해 치료가 필요합니까?,,0,1-5,-,Not at all,A little,A moderate amount,Very much,An extreme amount,,,,,,
SubQ,A,qol,QOL_05,QOL - 당신은 인생을 즐기십니까?,,0,1-5,-,Not at all,A little,A moderate amount,Very much,An extreme amount,,,,,,
SubQ,A,qol,QOL_06,QOL - 당신은 자신의 삶이 의미있다고 느낍니까?,,0,1-5,-,Not at all,A little,A moderate amount,Very much,An extreme amount,,,,,,
SubQ,A,qol,QOL_07,QOL - 당신은 정신집중을 잘 할 수 있습니까?,,0,1-5,-,Not at all,A little,A moderate amount,Very much,An extreme amount,,,,,,
SubQ,A,qol,QOL_08,QOL - 당신은 일상생활에서 안전하다고 느낍니까?,,0,1-5,-,Not at all,A little,A moderate amount,Very much,An extreme amount,,,,,,
SubQ,A,qol,QOL_09,QOL - 당신은 건강에 좋은 주거환경에 살고 있습니까?,,0,1-5,-,Not at all,A little,A moderate amount,Very much,An extreme amount,,,,,,
SubQ,A,qol,QOL_10,QOL - 당신은 일상생활을 위한 에너지가 충분히 가지고 있습니까?,,0,1-5,-,Not at all,A little,A moderate amount,Very much,An extreme amount,,,,,,
SubQ,A,qol,QOL_11,QOL - 당신의 신체적 외모에 만족하십니까?,,0,1-5,-,Not at all,A little,A moderate amount,Very much,An extreme amount,,,,,,
SubQ,A,qol,QOL_12,QOL - 당신의 필요를 만족시킬 수 있는 충분한 돈을 가지고 있습니까?,,0,1-5,-,Not at all,A little,A moderate amount,Very much,An extreme amount,,,,,,
SubQ,A,qol,QOL_13,QOL - 당신은 매일매일의 삶에서 당신이 필요로 하는 정보를 쉽게 구할 수 있습니까?,,0,1-5,-,Not at all,A little,A moderate amount,Very much,An extreme amount,,,,,,
SubQ,A,qol,QOL_14,QOL - 당신은 레저(여가)활동을 위한 기회를 가지고 있습니까?,,0,1-5,-,Not at all,A little,A moderate amount,Very much,An extreme amount,,,,,,
SubQ,A,qol,QOL_15,QOL - 당신은 잘 돌아다닐 수 있습니까?,,0,1-5,-,Not at all,A little,A moderate amount,Very much,An extreme amount,,,,,,
SubQ,A,qol,QOL_16,QOL - 당신의 수면(잘 자는 것)에 대해 만족하고 있습니까?,,0,1-5,-,Very dissatisfied,Dissatisfied,Neither satisfied nor dissatisfied,Satisfied,Very satisfied,,,,,,
SubQ,A,qol,QOL_17,QOL - 당신은 일상생활을 수행하는 당신의 능력에 대해 만족하고 있습니까?,,0,1-5,-,Very dissatisfied,Dissatisfied,Neither satisfied nor dissatisfied,Satisfied,Very satisfied,,,,,,
SubQ,A,qol,QOL_18,QOL - 당신은 당신의 일할 수 있는 능력에 대해 만족하고 있습니까?,,0,1-5,-,Very dissatisfied,Dissatisfied,Neither satisfied nor dissatisfied,Satisfied,Very satisfied,,,,,,
SubQ,A,qol,QOL_19,QOL - 당신은 스스로에게 만족하고 있습니까?,,0,1-5,-,Very dissatisfied,Dissatisfied,Neither satisfied nor dissatisfied,Satisfied,Very satisfied,,,,,,
SubQ,A,qol,QOL_20,QOL - 당신은 당신의 개인적 대인관계에 대해 만족하고 있습니까?,,0,1-5,-,Very dissatisfied,Dissatisfied,Neither satisfied nor dissatisfied,Satisfied,Very satisfied,,,,,,
SubQ,A,qol,QOL_21,QOL - 당신은 당신의 성생활에 대해 만족하고 있습니까?,,0,1-5,-,Very dissatisfied,Dissatisfied,Neither satisfied nor dissatisfied,Satisfied,Very satisfied,,,,,,
SubQ,A,qol,QOL_22,QOL - 당신은 당신의 친구로부터 받고 있는 도움에 대해 만족하고 있습니까?,,0,1-5,-,Very dissatisfied,Dissatisfied,Neither satisfied nor dissatisfied,Satisfied,Very satisfied,,,,,,
SubQ,A,qol,QOL_23,QOL - 당신은 당신이 살고있는 장소 상태에 대해 만족하고 있습니까?,,0,1-5,-,Very dissatisfied,Dissatisfied,Neither satisfied nor dissatisfied,Satisfied,Very satisfied,,,,,,
SubQ,A,qol,QOL_24,QOL - 당신은 당신의 의료서비스를 쉽게 받을 수 있다는 점에 만족하고 있습니까?,,0,1-5,-,Very dissatisfied,Dissatisfied,Neither satisfied nor dissatisfied,Satisfied,Very satisfied,,,,,,
SubQ,A,qol,QOL_25,QOL - 당신은 당신이 사용하는 교통수단에 대해 만족하고 있습니까?,,0,1-5,-,Very dissatisfied,Dissatisfied,Neither satisfied nor dissatisfied,Satisfied,Very satisfied,,,,,,
SubQ,A,qol,QOL_26,"QOL - 당신은 침울한 기분, 절망, 불안, ... 부정적인 감정을 자주 느끼십니까?",,0,1-5,-,Never,Seldom,Quite often,Very often,Always,,,,,,
SubQ,A,psg,PSG_M_01_Hypnotics,아침 질문 사항 - 어제 밤 평소 복용하시던 수면제가 있다면 복용 여부를 알려주십시오.,,0,0-1,No,Yes,,,,,,,,,,
SubQ,A,psg,PSG_M_02_SubSL_HH,아침 질문 사항 - 어젯밤 불을 끈 후 잠이 드는데 까지 얼마나 걸렸습니까? (시간),,0,00-24,,,,,,,,,,,,
SubQ,A,psg,PSG_M_02_SubSL_MM,아침 질문 사항 - 어젯밤 불을 끈 후 잠이 드는데 까지 얼마나 걸렸습니까? (분),,0,00-59,,,,,,,,,,,,
SubQ,A,psg,PSG_M_02_SubSL_Home,아침 질문 사항 - 보통 집에서 잠이 드는데 걸리는 시간과 비교할 때 이 시간은?,,0,1-5,,Very long,Long,Same,Short,Very short,,,,,,
SubQ,A,psg,PSG_M_03_SubSD_HH,아침 질문 사항 - 어젯밤에 얼마나 오랫동안 잠을 잤다고 생각하십니까? (시간),,0,00-24,,,,,,,,,,,,
SubQ,A,psg,PSG_M_03_SubSD_MM,아침 질문 사항 - 어젯밤에 얼마나 오랫동안 잠을 잤다고 생각하십니까? (분),,0,00-60,,,,,,,,,,,,
SubQ,A,psg,PSG_M_03_SubSD_Home,아침 질문 사항 - 보통 집에서 잠자는 시간과 비교할 때 이 시간은?,,0,1-5,,Very long,Long,Same,Short,Very short,,,,,,
SubQ,A,psg,PSG_M_04_WakeNo,아침 질문 사항 - 어젯밤에 잠자는 동안 몇 번 깨었습니까?,,0,0-300,,,,,,,,,,,,
SubQ,A,psg,PSG_M_05_Alertness,아침 질문 사항 - 현재 당신은 어떻다고 생각 되십니까?,,0,1-4,,1. 매우 피곤하다,2. 깨어 있지만 정신이 맑지 못하다,3. 편안하다,4. 깨어 있으며 정신이 맑다,,,,,,,
SubQ,A,psg,PSG_M_05_Complaint,아침 질문 사항 - 오늘 아침 신체적으로 불편한 점이 있다면?,,0,Text 서술식,,,,,,,,,,,,
SubQ,A,psg,PSG_M_06_SQ_a,아침 질문 사항 - 어젯밤 당신의 수면에 대한 평가를 내린다면.. 깊다 - 얕다,,0,1-7,,Strongly Disagree,Disagree,Somewhat Disagree,Neutral,Somewhat Agree,Agree,Strongly Agree,,,,
SubQ,A,psg,PSG_M_06_SQ_b,아침 질문 사항 - 어젯밤 당신의 수면에 대한 평가를 내린다면.. 짧다 - 길다,,0,1-7,,Strongly Disagree,Disagree,Somewhat Disagree,Neutral,Somewhat Agree,Agree,Strongly Agree,,,,
SubQ,A,psg,PSG_M_06_SQ_c,아침 질문 사항 - 어젯밤 당신의 수면에 대한 평가를 내린다면.. 중단된다 - 중단되지 않았다,,0,1-7,,Strongly Disagree,Disagree,Somewhat Disagree,Neutral,Somewhat Agree,Agree,Strongly Agree,,,,
SubQ,A,psg,PSG_M_06_SQ_d,아침 질문 사항 - 어젯밤 당신의 수면에 대한 평가를 내린다면.. 꿈을 꾸지 않았다 - 매우 많은 꿈을 꾸었다,,0,1-7,,Strongly Disagree,Disagree,Somewhat Disagree,Neutral,Somewhat Agree,Agree,Strongly Agree,,,,
SubQ,A,psg,PSG_M_06_SQ_e,아침 질문 사항 - 어젯밤 당신의 수면에 대한 평가를 내린다면.. 개운치 않음 - 매우 개운하다,,0,1-7,,Strongly Disagree,Disagree,Somewhat Disagree,Neutral,Somewhat Agree,Agree,Strongly Agree,,,,
SubQ,A,psg,PSG_M_07_Dream,아침 질문 사항 - 어젯밤 당신은 꿈을 기억하십니까? (예/아니오),,0,0-1,No,Yes,,,,,,,,,,
SubQ,A,psg,PSG_M_07_Dream_text,아침 질문 사항 - 어젯밤 당신은 꿈을 기억하십니까? (내용),,0,Text 서술식,,,,,,,,,,,,
SubQ,A,psg,PSG_M_08_Wake,아침 질문 사항 - 오늘 아침 어떻게 잠에서 깨어났습니까?,,0,1-5,,Noise,Anxiety,Force,Byself,Etc,,,,,,
PSG,B,psg,TST_min,,Total sleep time (min),0,,,,,,,,,,,,,
PSG,B,psg,SL_min,,Sleep Latency (min),0,,,,,,,,,,,,,
PSG,B,psg,REM_SL_min,,REM latency (min),0,,,,,,,,,,,,,
PSG,B,psg,Sleep_Eff,,Sleep efficiency(%),0,,,,,,,,,,,,,
PSG,B,psg,Arousal_no,,Total Arousal #,0,,,,,,,,,,,,,
PSG,B,psg,Arousal_idx,,Arousal index (/hr),0,,,,,,,,,,,,,
PSG,B,psg,Arousal_resp_idx,,Respiratory Arousal (/hr),0,,,,,,,,,,,,,
PSG,B,psg,Arousal_snoring_idx,,Snoring Arousal (/hr),0,,,,,,,,,,,,,
PSG,B,psg,Arousal_PLM_idx,,PLM Arousal (/hr),0,,,,,,,,,,,,,
PSG,B,psg,Arousal_spont_idx,,Spontaneous arousal (/hr),0,,,,,,,,,,,,,
PSG,B,psg,REM_pct,,REM/TST(%),0,,,,,,,,,,,,,
PSG,B,psg,N1_pct,,Stage N1/TST(%),0,,,,,,,,,,,,,
PSG,B,psg,N2_pct,,Stage N2/TST (%),0,,,,,,,,,,,,,
PSG,B,psg,N3_pct,,Stage N3/TST (%),0,,,,,,,,,,,,,
PSG,B,psg,WASO_pct,,WASO (%),0,,,,,,,,,,,,,
PSG,B,psg,AI_obs,,Obstructive Apnea Index Total (/hr),0,,,,,,,,,,,,,
PSG,B,psg,AI_obs_REM,,Obstructive Apnea Index during REM (/hr),0,,,,,,,,,,,,,
PSG,B,psg,AI_obs_NREM,,Obstructive Apnea Index during NREM (/hr),0,,,,,,,,,,,,,
PSG,B,psg,AI_cent,,Central Apnea Index Total (/hr),0,,,,,,,,,,,,,
PSG,B,psg,AI_cent_REM,,Central Apnea Index during REM (/hr),0,,,,,,,,,,,,,
PSG,B,psg,AI_cent_NREM,,Central Apnea Index during NREM (/hr),0,,,,,,,,,,,,,
PSG,B,psg,AI_mix,,Mixed Apnea Index Total (/hr),0,,,,,,,,,,,,,
PSG,B,psg,AI_mix_REM,,Mixed Apnea Index during REM (/hr),0,,,,,,,,,,,,,
PSG,B,psg,AI_mix_NREM,,Mixed Apnea Index during NREM (/hr),0,,,,,,,,,,,,,
PSG,B,psg,HI,,Hypopnea Index Total (/hr),0,,,,,,,,,,,,,
PSG,B,psg,HI_REM,,Hypopnea Index during REM (/hr),0,,,,,,,,,,,,,
PSG,B,psg,HI_NREM,,Hypopnea Index during NREM (/hr),0,,,,,,,,,,,,,
PSG,B,psg,AHI_total,,Apnea+Hypopnea Index Total,0,,,,,,,,,,,,,
PSG,B,psg,AHI_sup,,Apnea+Hypopnea Index when Supine,0,,,,,,,,,,,,,
PSG,B,psg,AHI_lat,,Apnea+Hypopnea Index when Lateral,0,,,,,,,,,,,,,
PSG,B,psg,RDI_no,,RESPIRATORY DISTURBANCE INDEX (RDI) Number,0,,,,,,,,,,,,,
PSG,B,psg,RDI_idx,,RESPIRATORY DISTURBANCE INDEX (RDI) Index(/hr),0,,,,,,,,,,,,,
PSG,B,psg,Lowest_SpO2,,Lowest SaO2(%),0,,,,,,,,,,,,,
PSG,B,psg,REM_sup_min,,Time for REM sleep with Supine ('Sup') Position (min),0,,,,,,,,,,,,,
PSG,B,psg,REM_lat_min,,Time for REM sleep with Lateral ('Lat') Position (min),0,,,,,,,,,,,,,
PSG,B,psg,NREM_sup_min,,Time for NREM sleep with Supine ('Sup') Position (min),0,,,,,,,,,,,,,
PSG,B,psg,NREM_lat_min,,Time for NREM sleep with Lateral ('Lat') Position (min),0,,,,,,,,,,,,,
PSG,B,psg,AHI_sup_REM,,AHI during REM sleep with Supine ('Sup') Position,0,,,,,,,,,,,,,
PSG,B,psg,AHI_lat_REM,,AHI during REM sleep with Lateral ('Lat') Position,0,,,,,,,,,,,,,
PSG,B,psg,AHI_sup_N1,,AHI during N1 sleep with Supine ('Sup') Position,0,,,,,,,,,,,,,
PSG,B,psg,AHI_lat_N1,,AHI during N1 sleep with Lateral ('Lat') Position,0,,,,,,,,,,,,,
PSG,B,psg,AHI_sup_N2,,AHI during N2 sleep with Supine ('Sup') Position,0,,,,,,,,,,,,,
PSG,B,psg,AHI_lat_N2,,AHI during N2 sleep with Lateral ('Lat') Position,0,,,,,,,,,,,,,
PSG,B,psg,AHI_sup_N3,,AHI during N3 sleep with Supine ('Sup') Position,0,,,,,,,,,,,,,
PSG,B,psg,AHI_lat_N3,,AHI during N3 sleep with Lateral ('Lat') Position,0,,,,,,,,,,,,,
PSG,B,psg,AHI_sup_NREM,,AHI during NREM sleep with Supine ('Sup') Position,0,,,,,,,,,,,,,
PSG,B,psg,AHI_lat_NREM,,AHI during NREM sleep with Lateral ('Lat') Position,0,,,,,,,,,,,,,
PSG,B,psg,PLM_idx,,Total PLMS index (/hr),0,,,,,,,,,,,,,
PSG,B,psg,LM_idx,,Total LM index (/hr),0,,,,,,,,,,,,,
PSG,B,psg,Arousal_PLM_no,,PLM arousal,0,,,,,,,,,,,,,
PSG,B,psg,Arousal_PLM_idx_re,,PLM aousal index (/hr),0,,,,,,,,,,,,,
PSG,B,psg,Arousal_LM_no,,LM arousal,0,,,,,,,,,,,,,
PSG,B,psg,Arousal_LM_idx,,LM arousal index (/hr),0,,,,,,,,,,,,,
CPAP,B,psg,Pressure_05,,Pressure(cmH2O),0,,,,,,,,,,,,,
CPAP,B,psg,Pr05_time_min,,Pressure Applied Time (min),0,,,,,,,,,,,,,
CPAP,B,psg,Pr05_position,,Position,0,,,,,,,,,,,,,
CPAP,B,psg,Pr05_stage,,Sleep Stage,0,,,,,,,,,,,,,
CPAP,B,psg,Pr05_AHI,,AHI (/hr),0,,,,,,,,,,,,,
CPAP,B,psg,Pr05_snoring,,Snoring,0,,,,,,,,,,,,,
CPAP,B,psg,Pr05_lowest_SpO2,,Lowest SaO2,0,,,,,,,,,,,,,
CPAP,B,psg,Pr05_PLM_idx,,PLM Index (/hr),0,,,,,,,,,,,,,
CPAP,B,psg,Pr05_arousal_PLM_idx,,PLM arousal Index (/hr),0,,,,,,,,,,,,,
CPAP,B,psg,Pr05_arousal_resp_idx,,Arousal Index Respiratory,0,,,,,,,,,,,,,
CPAP,B,psg,Pr05_arousal_spont_idx,,Arousal Index Spontaneous,0,,,,,,,,,,,,,
CPAP,B,psg,Pressure_06,,Pressure(cmH2O),0,,,,,,,,,,,,,
CPAP,B,psg,Pr06_time_min,,Time (min),0,,,,,,,,,,,,,